Designator,Mid X,Mid Y,Rotation,Layer
C17,135.028125,-176.103125,270.0,bottom
C18,150.028125,-178.353125,270.0,bottom
C19,223.028125,-183.853125,270.0,bottom
C20,226.028125,-171.853125,90.0,bottom
C21,230.298125,-180.353125,180.0,bottom
C22,218.328125,-173.703125,0.0,bottom
C23,225.028125,-171.853125,90.0,bottom
C24,224.028125,-183.833125,270.0,bottom
C25,230.298125,-176.853125,180.0,bottom
C26,230.298125,-181.353125,180.0,bottom
C27,219.728125,-184.103125,270.0,bottom
C28,227.028125,-183.853125,270.0,bottom
C29,228.028125,-183.853125,270.0,bottom
C30,169.778125,-175.603125,0.0,bottom
C31,212.778125,-180.833125,270.0,bottom
C32,210.528125,-174.123125,90.0,bottom
D1,70.246875,-108.346875,90.0,bottom
D10,241.696875,-108.346875,90.0,bottom
D11,260.746875,-108.346875,90.0,bottom
D12,279.796875,-108.346875,90.0,bottom
D13,298.846875,-108.346875,90.0,bottom
D14,327.421875,-108.346875,90.0,bottom
D15,75.009375,-127.396875,90.0,bottom
D16,98.821875,-127.396875,90.0,bottom
D17,117.871875,-127.396875,90.0,bottom
D18,136.921875,-127.396875,90.0,bottom
D19,155.971875,-127.396875,90.0,bottom
D2,89.296875,-108.346875,90.0,bottom
D20,175.021875,-127.396875,90.0,bottom
D21,194.071875,-127.396875,90.0,bottom
D22,213.121875,-127.396875,90.0,bottom
D23,232.171875,-127.396875,90.0,bottom
D24,251.221875,-127.396875,90.0,bottom
D25,270.271875,-127.396875,90.0,bottom
D26,289.321875,-127.396875,90.0,bottom
D27,308.371875,-127.396875,90.0,bottom
D28,332.184375,-127.396875,90.0,bottom
D29,77.390625,-146.446875,90.0,bottom
D3,108.346875,-108.346875,90.0,bottom
D30,103.584375,-146.446875,90.0,bottom
D31,122.634375,-146.446875,90.0,bottom
D32,141.684375,-146.446875,90.0,bottom
D33,160.734375,-146.446875,90.0,bottom
D34,179.784375,-146.446875,90.0,bottom
D35,198.834375,-146.446875,90.0,bottom
D36,217.884375,-146.446875,90.0,bottom
D37,236.934375,-146.446875,90.0,bottom
D38,255.984375,-146.446875,90.0,bottom
D39,275.034375,-146.446875,90.0,bottom
D4,127.396875,-108.346875,90.0,bottom
D40,294.084375,-146.446875,90.0,bottom
D41,325.040625,-146.446875,90.0,bottom
D42,82.153125,-165.496875,90.0,bottom
D43,113.109375,-165.496875,90.0,bottom
D44,132.159375,-165.496875,90.0,bottom
D45,151.209375,-165.496875,90.0,bottom
D46,170.259375,-165.496875,90.0,bottom
D47,189.309375,-165.496875,90.0,bottom
D48,208.359375,-165.496875,90.0,bottom
D49,227.409375,-165.496875,90.0,bottom
D5,146.446875,-108.346875,90.0,bottom
D50,246.459375,-165.496875,90.0,bottom
D51,265.509375,-165.496875,90.0,bottom
D52,284.559375,-165.496875,90.0,bottom
D53,320.278125,-165.496875,90.0,bottom
D54,72.628125,-184.546875,90.0,bottom
D55,96.440625,-184.546875,90.0,bottom
D56,120.253125,-184.546875,90.0,bottom
D57,191.690625,-184.546875,90.0,bottom
D58,263.128125,-184.546875,90.0,bottom
D59,286.940625,-184.546875,90.0,bottom
D6,165.496875,-108.346875,90.0,bottom
D60,310.753125,-184.546875,90.0,bottom
D61,334.565625,-184.546875,90.0,bottom
D7,184.546875,-108.346875,90.0,bottom
D8,203.596875,-108.346875,90.0,bottom
D9,222.646875,-108.346875,90.0,bottom
J2,67.079125,-126.521625,90.0,bottom
R1,68.809125,-132.771625,0.0,bottom
R10,179.528125,-171.853125,180.0,bottom
R11,179.518125,-173.103125,0.0,bottom
R12,224.028125,-171.853125,90.0,bottom
R2,68.809125,-120.021625,180.0,bottom
R8,225.028125,-183.843125,90.0,bottom
R9,226.028125,-183.853125,90.0,bottom
SW1,72.628125,-101.203125,0.0,top
SW10,244.078125,-101.203125,0.0,top
SW11,263.128125,-101.203125,0.0,top
SW12,282.178125,-101.203125,0.0,top
SW13,301.228125,-101.203125,0.0,top
SW14,329.803125,-101.203125,0.0,top
SW15,77.390625,-120.253125,0.0,top
SW16,101.203125,-120.253125,0.0,top
SW17,120.253125,-120.253125,0.0,top
SW18,139.303125,-120.253125,0.0,top
SW19,158.353125,-120.253125,0.0,top
SW2,91.678125,-101.203125,0.0,top
SW20,177.403125,-120.253125,0.0,top
SW21,196.453125,-120.253125,0.0,top
SW22,215.503125,-120.253125,0.0,top
SW23,234.553125,-120.253125,0.0,top
SW24,253.603125,-120.253125,0.0,top
SW25,272.653125,-120.253125,0.0,top
SW26,291.703125,-120.253125,0.0,top
SW27,310.753125,-120.253125,0.0,top
SW28,334.565625,-120.253125,0.0,top
SW29,79.771875,-139.303125,0.0,top
SW3,110.728125,-101.203125,0.0,top
SW30,105.965625,-139.303125,0.0,top
SW31,125.015625,-139.303125,0.0,top
SW32,144.065625,-139.303125,0.0,top
SW33,163.115625,-139.303125,0.0,top
SW34,182.165625,-139.303125,0.0,top
SW35,201.215625,-139.303125,0.0,top
SW36,220.265625,-139.303125,0.0,top
SW37,239.315625,-139.303125,0.0,top
SW38,258.365625,-139.303125,0.0,top
SW39,277.415625,-139.303125,0.0,top
SW4,129.778125,-101.203125,0.0,top
SW40,296.465625,-139.303125,0.0,top
SW41,327.421875,-139.303125,0.0,top
SW42,84.534375,-158.353125,0.0,top
SW43,115.490625,-158.353125,0.0,top
SW44,134.540625,-158.353125,0.0,top
SW45,153.590625,-158.353125,0.0,top
SW46,172.640625,-158.353125,0.0,top
SW47,191.690625,-158.353125,0.0,top
SW48,210.740625,-158.353125,0.0,top
SW49,229.790625,-158.353125,0.0,top
SW5,148.828125,-101.203125,0.0,top
SW50,248.840625,-158.353125,0.0,top
SW51,267.890625,-158.353125,0.0,top
SW52,286.940625,-158.353125,0.0,top
SW53,322.659375,-158.353125,0.0,top
SW54,75.009375,-177.403125,0.0,top
SW55,98.821875,-177.403125,0.0,top
SW56,122.634375,-177.403125,0.0,top
SW57,194.071875,-177.403125,0.0,top
SW58,265.509375,-177.403125,0.0,top
SW59,289.321875,-177.403125,0.0,top
SW6,167.878125,-101.203125,0.0,top
SW60,313.134375,-177.403125,0.0,top
SW61,336.946875,-177.403125,0.0,top
SW62,160.778125,-177.603125,180.0,bottom
SW7,186.928125,-101.203125,0.0,top
SW8,205.978125,-101.203125,0.0,top
SW9,225.028125,-101.203125,0.0,top
U4,141.684375,-177.403125,0.0,bottom
U5,176.440625,-177.448125,270.0,bottom
U6,224.253125,-177.853125,180.0,bottom
Y2,211.678125,-177.503125,0.0,bottom
